{
  "year": {
    "year": 1.0,
    "bpm": -0.104247137,
    "nrgy": -0.2255962058,
    "dnce": 0.0792687736,
    "dB": -0.126470971,
    "live": -0.1363311927,
    "val": -0.1220251442,
    "dur": -0.2153436196,
    "acous": 0.1017251659,
    "spch": 0.0047783816,
    "pop": 0.241261137
  },
  "bpm": {
    "year": -0.104247137,
    "bpm": 1.0,
    "nrgy": 0.1261700649,
    "dnce": -0.131300671,
    "dB": 0.1838698291,
    "live": 0.0815792777,
    "val": 0.0160209433,
    "dur": -0.0293590739,
    "acous": -0.113256765,
    "spch": 0.0589988032,
    "pop": 0.0189829821
  },
  "nrgy": {
    "year": -0.2255962058,
    "bpm": 0.1261700649,
    "nrgy": 1.0,
    "dnce": 0.1672089266,
    "dB": 0.5375280391,
    "live": 0.1867376067,
    "val": 0.4095772972,
    "dur": -0.1436102026,
    "acous": -0.5622874424,
    "spch": 0.1073134458,
    "pop": -0.0576450362
  },
  "dnce": {
    "year": 0.0792687736,
    "bpm": -0.131300671,
    "nrgy": 0.1672089266,
    "dnce": 1.0,
    "dB": 0.2331700569,
    "live": -0.0288014516,
    "val": 0.5016961891,
    "dur": -0.176840872,
    "acous": -0.2400640165,
    "spch": -0.0280413052,
    "pop": 0.1160544446
  },
  "dB": {
    "year": -0.126470971,
    "bpm": 0.1838698291,
    "nrgy": 0.5375280391,
    "dnce": 0.2331700569,
    "dB": 1.0,
    "live": 0.0819340473,
    "val": 0.2829218688,
    "dur": -0.1047234168,
    "acous": -0.1904010703,
    "spch": -0.0011095127,
    "pop": 0.1568972163
  },
  "live": {
    "year": -0.1363311927,
    "bpm": 0.0815792777,
    "nrgy": 0.1867376067,
    "dnce": -0.0288014516,
    "dB": 0.0819340473,
    "live": 1.0,
    "val": 0.0202260459,
    "dur": 0.0983392918,
    "acous": -0.0981671134,
    "spch": 0.1441032113,
    "pop": -0.0757490547
  },
  "val": {
    "year": -0.1220251442,
    "bpm": 0.0160209433,
    "nrgy": 0.4095772972,
    "dnce": 0.5016961891,
    "dB": 0.2829218688,
    "live": 0.0202260459,
    "val": 1.0,
    "dur": -0.2622557299,
    "acous": -0.2490382013,
    "spch": 0.1220125878,
    "pop": 0.0389525866
  },
  "dur": {
    "year": -0.2153436196,
    "bpm": -0.0293590739,
    "nrgy": -0.1436102026,
    "dnce": -0.176840872,
    "dB": -0.1047234168,
    "live": 0.0983392918,
    "val": -0.2622557299,
    "dur": 1.0,
    "acous": 0.0918021834,
    "spch": 0.0545635111,
    "pop": -0.1043627532
  },
  "acous": {
    "year": 0.1017251659,
    "bpm": -0.113256765,
    "nrgy": -0.5622874424,
    "dnce": -0.2400640165,
    "dB": -0.1904010703,
    "live": -0.0981671134,
    "val": -0.2490382013,
    "dur": 0.0918021834,
    "acous": 1.0,
    "spch": 0.0027625473,
    "pop": 0.0267035336
  },
  "spch": {
    "year": 0.0047783816,
    "bpm": 0.0589988032,
    "nrgy": 0.1073134458,
    "dnce": -0.0280413052,
    "dB": -0.0011095127,
    "live": 0.1441032113,
    "val": 0.1220125878,
    "dur": 0.0545635111,
    "acous": 0.0027625473,
    "spch": 1.0,
    "pop": -0.0414901881
  },
  "pop": {
    "year": 0.241261137,
    "bpm": 0.0189829821,
    "nrgy": -0.0576450362,
    "dnce": 0.1160544446,
    "dB": 0.1568972163,
    "live": -0.0757490547,
    "val": 0.0389525866,
    "dur": -0.1043627532,
    "acous": 0.0267035336,
    "spch": -0.0414901881,
    "pop": 1.0
  }
}
